Samsung	DONE
HTC	DONE
Nokia	DONE
Micromax	DONE
Sony	DONE
Apple	DONE
Lenovo	DONE
Gionee	DONE
Asus	DONE
LG	DONE
Motorola	DONE
XOLO	DONE
BlackBerry	DONE
Karbonn	DONE
Lava	DONE
Huawei	DONE
Mi	DONE
Intex	DONE
OPPO	DONE
Panasonic	DONE
Spice	DONE
iBall	DONE
Celkon	DONE
Alcatel	DONE
Xolo	DONE
Sony	DONE
Videocon	DONE
Maxx	DONE
HP	DONE
Forme	DONE
Zen	DONE
A	DONE
Acer	DONE
Adcom	DONE
ADCOM	DONE
AirTyme	DONE
Ambrane	DONE
Arise	DONE
Atom	DONE
Belkin	DONE
BLU	DONE
BQ	DONE
BSNL	DONE
BSNL-Champion	DONE
Caterpillar	DONE
Cheers	DONE
Datawind	DONE
Dell	DONE
Devante	DONE
Digimac	DONE
Diyi	DONE
DOMO	DONE
Earth	DONE
Fly	DONE
Funtab	DONE
Gee	DONE
Haier	DONE
Hitech	DONE
HPL	DONE
Sony Ericsson	DONE
A & K	DONE
Gee Pee	DONE
I-Smart	DONE
i-Smart	DONE
I-smart	DONE
iberry	DONE
ICE	DONE
Icon	DONE
IconBIT	DONE
iNew	DONE
Jivi	DONE
Josh	DONE
Kenxinda	DONE
Kestrel	DONE
Kingbell	DONE
Lemon	DONE
Mafe	DONE
Magicon	DONE
Magna	DONE
Microsoft	DONE
Mtech	DONE
MTS	DONE
Nuclear	DONE
NUGen	DONE
OBI	DONE
Olive	DONE
Onida	DONE
Oorie	DONE
Philips	DONE
Rage	DONE
Reliance	DONE
RKMobile	DONE
Salora	DONE
Sansui	DONE
Simmtronics	DONE
Sky Mobiles	DONE
Swingtel	DONE
Swipe	DONE
Trio	DONE
V3	DONE
Vayoki	DONE
Vedaee	DONE
Vodafone	DONE
Vox	DONE
Wham	DONE
Wynncom	DONE
Xccess	DONE
XElectron	DONE
Y King	DONE
YKing	DONE
Yota	DONE
Zook	DONE
ZTE	DONE
Zync	DONE
